{"cameraMode":{"drawMode":0,"name":"Shaded","section":"Shading Mode"},"sceneLighting":true,"audioPlay":false,"sceneViewState":{"m_AlwaysRefresh":false,"showFog":true,"showSkybox":true,"showFlares":true,"showImageEffects":true,"showParticleSystems":true,"showVisualEffectGraphs":true,"m_FxEnabled":true},"in2DMode":false,"pivot":{"x":-1.7661540508270264,"y":6.154646396636963,"z":-8.829977035522461},"rotation":{"x":-0.10209205001592636,"y":-0.027752559632062913,"z":0.0028534824959933759,"w":-0.9943926930427551},"size":7.5580596923828129,"orthographic":false}