{"cameraMode":{"drawMode":0,"name":"Shaded","section":"Shading Mode"},"sceneLighting":false,"audioPlay":false,"sceneViewState":{"m_AlwaysRefresh":false,"showFog":true,"showSkybox":false,"showFlares":true,"showImageEffects":true,"showParticleSystems":true,"showVisualEffectGraphs":true,"m_FxEnabled":true},"in2DMode":false,"pivot":{"x":-1.2153412103652955,"y":1.0092546939849854,"z":0.33948343992233279},"rotation":{"x":-0.2924457788467407,"y":-0.32753264904022219,"z":0.10738338530063629,"w":-0.8920068144798279},"size":1.6830369234085084,"orthographic":false}